Title,Price,Bought Last Month
"Sobriety Card for Men Women, Sober Birthday or Sobriety Anniversary Greeting","$5.99","100+"
"m&h invites Feminine Sobriety Anniversary Card","$6.99","200+"
"Supoeguk Funny Sober Anniversary Card","$6.99","200+"
"Funny Sober Card - Sober Anniversary - Soberversary","$5.79","100+"
"Qiavor Anniversary Sobriety Card","$6.99","200+"
"YIWANSIN Soberversary Card","$5.99","200+"
"m&h invites Sobriety Winding Road Card","$6.99","100+"
"YIWANSIN Funny Sober Card","$5.99","300+"
"Sobriety Cards with Envelopes","$8.79","100+"
"Spercy Funny Sobriety Card","$5.98","100+"
"Naixiwen Heartfelt Encouragement Card","$5.99","200+"
"Nchigedy Funny Sobriety Card","$5.98","100+"
"PUGAILA Heartfelt Encouragement Card","$4.99","100+"