SKU,Month,Flower,Tag1,Tag2,Tag3,Tag4,Tag5,Tag6,Tag7,Tag8,Tag9,Tag10,Tag11,Tag12,Tag13
CSF-01,January,Carnation,sobriety,soberversary,sober birthday,recovery,addiction recovery,sober birthday card,birthday card,milestone,downloadable,printable,instant download,january,carnation
CSF-02,February,Violet,sobriety,soberversary,sober birthday,recovery,addiction recovery,sober birthday card,birthday card,milestone,downloadable,printable,instant download,february,violet
CSF-03,March,Daffodil,sobriety,soberversary,sober birthday,recovery,addiction recovery,sober birthday card,birthday card,milestone,downloadable,printable,instant download,march,daffodil
CSF-04,April,Daisy,sobriety,soberversary,sober birthday,recovery,addiction recovery,sober birthday card,birthday card,milestone,downloadable,printable,instant download,april,daisy
CSF-05,May,Lily of the Valley,sobriety,soberversary,sober birthday,recovery,addiction recovery,sober birthday card,birthday card,milestone,downloadable,printable,instant download,may,lily of the valley
CSF-06,June,Rose,sobriety,soberversary,sober birthday,recovery,addiction recovery,sober birthday card,birthday card,milestone,downloadable,printable,instant download,june,rose
CSF-07,July,Larkspur,sobriety,soberversary,sober birthday,recovery,addiction recovery,sober birthday card,birthday card,milestone,downloadable,printable,instant download,july,larkspur
CSF-08,August,Gladiolus,sobriety,soberversary,sober birthday,recovery,addiction recovery,sober birthday card,birthday card,milestone,downloadable,printable,instant download,august,gladiolus
CSF-09,September,Aster,sobriety,soberversary,sober birthday,recovery,addiction recovery,sober birthday card,birthday card,milestone,downloadable,printable,instant download,september,aster
CSF-10,October,Marigold,sobriety,soberversary,sober birthday,recovery,addiction recovery,sober birthday card,birthday card,milestone,downloadable,printable,instant download,october,marigold
CSF-11,November,Chrysanthemum,sobriety,soberversary,sober birthday,recovery,addiction recovery,sober birthday card,birthday card,milestone,downloadable,printable,instant download,november,chrysanthemum
CSF-12,December,Narcissus,sobriety,soberversary,sober birthday,recovery,addiction recovery,sober birthday card,birthday card,milestone,downloadable,printable,instant download,december,narcissus
