image_name,occasion,back_quote,author,symbolism
coin-2mo.jpg,2 mo,Congrats on two months! That's a real accomplishment. Every day adds up, and you've got a good streak going. Keep building on this foundation.,Apart Not Alone,The Torii gate marks the entrance to a new path—a gateway to transformation. Passing through it symbolizes the decision to begin this journey.
coin-3mo.jpg,3 mo,Congrats on three months! That's a solid chunk of time. You're proving to yourself (and everyone else) that you've got this. Here's to the next month.,Apart Not Alone,The desert landscape represents endurance—the long road through challenging terrain. Crossing it shows persistence through the difficult early months.
coin-4mo.jpg,4 mo,Four months already! You're building something real here. Take a moment to recognize how far you've come.,Apart Not Alone,The stag symbolizes strength and leadership, standing proud under the stars. It represents the growing confidence and stability in your new path.
coin-5mo.jpg,5 mo,Five months—almost to the halfway mark of your bronze journey! You've got the rhythm now. Keep steady.,Apart Not Alone,The lighthouse and kraken represent safe harbor amid turbulent waters. It signifies finding guidance and safety as you navigate uncharted waters.
coin-6mo.jpg,6 mo,Congrats on six months! Whether that seems short or incredibly long, either way six months is a big deal. I'm sure there are many more months to come and we wish you the best of luck. So many of us walk this path with you and we are supporting you along the way.,Apart Not Alone,The koi fish swims upstream against the current, symbolizing resilience and determination. Reaching the six-month mark proves your strength.
coin-9mo.jpg,9 mo,Nine months down! Three quarters of a year in the books. You're showing real dedication—and there's so much more ahead. Take a breath and look at how far you've come.,Apart Not Alone,The fox in snow represents cleverness and adaptability, thriving in challenging conditions. You've proven your ability to navigate any season.
coin-18mo.jpg,18 mo,Congrats on 18 months! You are amazing! Take some time to reflect on your journey to this point and look at the scenery around you. Celebrate your persistence—you're doing the work.,Apart Not Alone,The waterfall and lily signify renewal and moments of calm reflection. This milestone represents finding peace amid the journey.
coin-1yr-koi.jpg,1 Year Koi,Hot damn! You've made it a whole year! That's truly a milestone to celebrate. One full trip around the sun. You've proven to yourself what you're capable of, and you've earned this gold. We're so proud of you.,Apart Not Alone,The koi continues to symbolize resilience and perseverance, swimming upstream against all odds. One year proves your extraordinary strength.
coin-1yr-phoenix.jpg,1 Year Phoenix,One year! You've risen from the hard stuff and made it through. That's transformation in action. Proud of you.,Apart Not Alone,The phoenix rises from the ashes, embodying transformation and rebirth. Completing a year represents emerging stronger than before.
coin-2yr.jpg,2 Year,Two years already! Wow! That is truly impressive. It represents a dedication to living a healthy life. Here's to the next chapter.,Apart Not Alone,The rowing POV captures momentum and agency—your hands on the oars steering the direction. Two years shows you're in control of your journey.
coin-3yr.jpg,3 Year,Three years. Platinum level. That's extraordinary. You've gone through seasons of hard work, tough days, and victories. This coin represents the whole journey—every step, every milestone, every ounce of effort. Hot damn. You did that.,Apart Not Alone,The resting horse represents the peace that comes after the journey—reaching a place of calm accomplishment. Three years embodies the complete transformation.